index,country,location_name,last_updated,temperature_celsius,wind_kph,pressure_mb,precip_mm,humidity
156,Singapore,Singapore,2023-08-29,31.0,11.2,1007,0.4,59.0
351,Singapore,Singapore,2023-08-30,29.0,6.1,1011,0.9,79.0
546,Singapore,Singapore,2023-08-31,28.0,6.8,1010,0.0,79.0
741,Singapore,Singapore,2023-09-01,28.0,6.8,1010,0.3,79.0
936,Singapore,Singapore,2023-09-02,25.0,3.6,1009,0.0,100.0
1130,Singapore,Singapore,2023-09-03,28.0,11.2,1009,0.0,74.0
1325,Singapore,Singapore,2023-09-04,28.0,9.0,1008,0.0,79.0
1520,Singapore,Singapore,2023-09-05,28.0,6.8,1009,0.0,74.0
1715,Singapore,Singapore,2023-09-06,28.0,6.8,1010,0.3,79.0
1910,Singapore,Singapore,2023-09-07,25.0,11.2,1011,0.0,94.0
2105,Singapore,Singapore,2023-09-08,28.0,6.8,1010,0.7,79.0
2300,Singapore,Singapore,2023-09-09,28.0,6.8,1010,0.5,79.0
2495,Singapore,Singapore,2023-09-10,26.0,6.8,1010,0.6,89.0
2690,Singapore,Singapore,2023-09-11,26.0,6.8,1010,1.4,89.0
2885,Singapore,Singapore,2023-09-12,27.0,6.8,1010,0.0,89.0
3080,Singapore,Singapore,2023-09-13,28.0,6.8,1010,0.0,84.0
3275,Singapore,Singapore,2023-09-14,29.0,9.0,1011,0.0,70.0
3470,Singapore,Singapore,2023-09-15,27.0,6.8,1009,0.4,84.0
3665,Singapore,Singapore,2023-09-16,28.0,6.8,1010,0.0,84.0
3859,Singapore,Singapore,2023-09-17,28.0,6.1,1009,0.4,89.0
4054,Singapore,Singapore,2023-09-18,27.0,6.1,1009,0.0,89.0
4248,Singapore,Singapore,2023-09-19,27.0,6.8,1010,0.0,89.0
4443,Singapore,Singapore,2023-09-20,27.0,6.1,1010,0.0,89.0
4638,Singapore,Singapore,2023-09-21,26.0,6.8,1010,0.56,89.0
4832,Singapore,Singapore,2023-09-22,25.0,6.1,1009,1.16,100.0
5027,Singapore,Singapore,2023-09-23,25.0,6.8,1010,0.13,94.0
5221,Singapore,Singapore,2023-09-24,27.0,6.8,1009,0.79,89.0
5416,Singapore,Singapore,2023-09-25,25.0,9.0,1008,0.0,94.0
5611,Singapore,Singapore,2023-09-26,26.0,6.8,1009,0.46,89.0
5803,Singapore,Singapore,2023-09-27,28.0,6.8,1008,0.0,79.0
5997,Singapore,Singapore,2023-09-28,28.0,6.8,1009,0.0,79.0
6192,Singapore,Singapore,2023-09-29,28.0,6.8,1010,0.01,84.0
6387,Singapore,Singapore,2023-09-30,28.0,11.2,1011,0.61,89.0
6582,Singapore,Singapore,2023-10-01,26.0,9.0,1010,0.0,89.0
6777,Singapore,Singapore,2023-10-02,27.0,9.0,1010,0.0,84.0
6972,Singapore,Singapore,2023-10-03,28.0,9.0,1011,1.98,84.0
7167,Singapore,Singapore,2023-10-04,26.0,13.0,1011,0.42,84.0
7362,Singapore,Singapore,2023-10-05,27.0,6.8,1010,0.0,84.0
7557,Singapore,Singapore,2023-10-06,28.0,6.8,1010,0.0,84.0
7752,Singapore,Singapore,2023-10-07,28.0,6.1,1009,0.0,94.0
7947,Singapore,Singapore,2023-10-08,28.0,9.0,1011,0.0,84.0
8142,Singapore,Singapore,2023-10-09,28.0,11.2,1011,0.0,79.0
8337,Singapore,Singapore,2023-10-10,27.0,9.0,1011,0.0,84.0
8532,Singapore,Singapore,2023-10-11,27.0,9.0,1010,1.06,89.0
8727,Singapore,Singapore,2023-10-12,27.0,9.0,1011,0.0,89.0
8922,Singapore,Singapore,2023-10-13,28.0,11.2,1011,0.04,84.0
9117,Singapore,Singapore,2023-10-14,28.0,6.8,1010,0.0,84.0
9312,Singapore,Singapore,2023-10-15,27.0,9.0,1009,0.0,79.0
9507,Singapore,Singapore,2023-10-16,28.0,11.2,1009,0.82,79.0
9702,Singapore,Singapore,2023-10-17,28.0,9.0,1009,0.0,74.0
9897,Singapore,Singapore,2023-10-18,29.0,6.8,1010,0.19,79.0
10092,Singapore,Singapore,2023-10-19,26.0,9.0,1011,0.12,94.0
10287,Singapore,Singapore,2023-10-20,27.0,9.0,1011,0.06,84.0
10482,Singapore,Singapore,2023-10-21,26.0,9.0,1011,0.0,89.0
10677,Singapore,Singapore,2023-10-22,26.0,11.2,1011,0.0,84.0
10872,Singapore,Singapore,2023-10-23,27.0,9.0,1011,0.0,84.0
11067,Singapore,Singapore,2023-10-24,25.0,11.2,1011,0.0,89.0
11262,Singapore,Singapore,2023-10-25,26.0,9.0,1011,0.0,79.0
11457,Singapore,Singapore,2023-10-26,25.0,11.2,1011,0.35,94.0
11652,Singapore,Singapore,2023-10-27,27.0,11.2,1010,0.0,89.0
11847,Singapore,Singapore,2023-10-28,27.0,9.0,1009,0.0,84.0
12042,Singapore,Singapore,2023-10-29,26.0,11.2,1009,1.19,89.0
12234,Singapore,Singapore,2023-10-30,27.0,13.0,1009,0.0,79.0
12431,Singapore,Singapore,2023-11-01,27.0,6.8,1009,0.0,89.0
12626,Singapore,Singapore,2023-11-02,26.0,6.8,1009,0.16,89.0
12821,Singapore,Singapore,2023-11-03,27.0,11.2,1009,0.0,84.0
13016,Singapore,Singapore,2023-11-04,28.0,11.2,1008,0.0,79.0
13211,Singapore,Singapore,2023-11-05,27.0,9.0,1009,1.32,84.0
13406,Singapore,Singapore,2023-11-06,26.0,6.1,1010,0.06,89.0
13601,Singapore,Singapore,2023-11-07,26.0,6.8,1009,0.0,84.0
13796,Singapore,Singapore,2023-11-08,25.0,3.6,1010,3.48,94.0
13991,Singapore,Singapore,2023-11-09,26.0,6.1,1009,1.87,89.0
14186,Singapore,Singapore,2023-11-10,27.0,6.8,1011,1.23,84.0
14381,Singapore,Singapore,2023-11-11,26.0,13.0,1011,0.16,84.0
14576,Singapore,Singapore,2023-11-15,25.0,3.6,1010,1.12,89.0
14771,Singapore,Singapore,2023-11-16,26.0,3.6,1010,0.01,84.0
14966,Singapore,Singapore,2023-11-17,26.0,6.1,1012,0.0,84.0
15160,Singapore,Singapore,2023-11-18,26.0,3.6,1011,0.36,89.0
15355,Singapore,Singapore,2023-11-19,27.0,4.0,1011,0.81,84.0
15550,Singapore,Singapore,2023-11-20,27.0,4.0,1009,2.14,84.0
15745,Singapore,Singapore,2023-11-21,27.0,6.1,1009,1.64,89.0
15940,Singapore,Singapore,2023-11-22,26.0,4.0,1008,0.14,89.0
16135,Singapore,Singapore,2023-11-23,27.0,3.6,1008,0.71,89.0
16330,Singapore,Singapore,2023-11-24,26.0,6.8,1008,0.36,89.0
16525,Singapore,Singapore,2023-11-25,27.0,4.0,1008,0.15,79.0
16720,Singapore,Singapore,2023-11-26,26.0,17.6,1009,0.0,84.0
16915,Singapore,Singapore,2023-11-27,25.0,3.6,1009,0.35,94.0
17110,Singapore,Singapore,2023-11-28,26.0,3.6,1009,0.01,89.0
17305,Singapore,Singapore,2023-11-29,26.0,6.8,1007,0.0,89.0
17500,Singapore,Singapore,2023-11-30,26.0,4.0,1009,0.08,89.0
17695,Singapore,Singapore,2023-12-01,25.0,4.0,1010,1.3,94.0
17890,Singapore,Singapore,2023-12-02,25.9,13.3,1008,1.67,87.0
18085,Singapore,Singapore,2023-12-04,25.0,3.6,1010,0.0,89.0
18280,Singapore,Singapore,2023-12-06,25.0,4.0,1010,0.99,89.0
18475,Singapore,Singapore,2023-12-07,25.0,4.0,1009,0.0,94.0
18670,Singapore,Singapore,2023-12-08,26.0,6.1,1010,0.0,89.0
18865,Singapore,Singapore,2023-12-09,27.0,6.8,1010,0.0,79.0
19060,Singapore,Singapore,2023-12-10,27.0,4.0,1009,0.04,84.0
19255,Singapore,Singapore,2023-12-11,27.0,4.0,1008,0.46,84.0
19450,Singapore,Singapore,2023-12-12,26.0,4.0,1009,0.7,89.0
19645,Singapore,Singapore,2023-12-13,25.0,3.6,1009,0.01,89.0
19840,Singapore,Singapore,2023-12-14,27.0,4.0,1010,0.56,84.0
20035,Singapore,Singapore,2023-12-15,25.0,4.0,1011,1.82,94.0
20230,Singapore,Singapore,2023-12-16,27.0,6.1,1009,0.18,89.0
20425,Singapore,Singapore,2023-12-17,27.0,6.1,1010,0.45,79.0
20620,Singapore,Singapore,2023-12-18,26.0,3.6,1010,0.19,89.0
20815,Singapore,Singapore,2023-12-19,27.0,6.8,1010,0.76,79.0
21010,Singapore,Singapore,2023-12-20,26.0,4.0,1010,0.09,89.0
21205,Singapore,Singapore,2023-12-21,27.0,6.8,1009,0.0,84.0
21400,Singapore,Singapore,2023-12-22,25.0,6.1,1011,3.61,94.0
21595,Singapore,Singapore,2023-12-23,27.0,6.8,1010,0.01,79.0
21790,Singapore,Singapore,2023-12-24,26.0,4.0,1011,0.59,89.0
21985,Singapore,Singapore,2023-12-25,28.0,6.8,1012,0.07,84.0
22180,Singapore,Singapore,2023-12-26,26.0,6.1,1012,0.0,94.0
22375,Singapore,Singapore,2023-12-27,26.0,6.8,1014,0.41,89.0
22570,Singapore,Singapore,2023-12-28,26.0,4.0,1013,0.0,94.0
22765,Singapore,Singapore,2023-12-29,26.0,4.0,1011,0.01,94.0
22960,Singapore,Singapore,2023-12-30,27.0,6.1,1011,0.0,89.0
23155,Singapore,Singapore,2023-12-31,27.0,4.0,1011,0.01,89.0
23350,Singapore,Singapore,2024-01-01,26.0,6.1,1011,0.0,94.0
23545,Singapore,Singapore,2024-01-02,26.2,15.1,1010,0.0,87.0
23740,Singapore,Singapore,2024-01-03,26.0,6.1,1011,0.38,89.0
23935,Singapore,Singapore,2024-01-04,26.0,9.0,1010,0.92,89.0
24130,Singapore,Singapore,2024-01-05,25.0,6.8,1010,0.0,89.0
24325,Singapore,Singapore,2024-01-06,26.0,6.1,1011,0.79,94.0
24520,Singapore,Singapore,2024-01-07,27.0,6.1,1011,0.98,84.0
24715,Singapore,Singapore,2024-01-08,24.0,3.6,1011,0.01,94.0
24910,Singapore,Singapore,2024-01-09,26.0,6.1,1010,0.0,89.0
